-- Datos aportados por Humanidad Vigente
-- Dominio público con autorización de Yenly Mendez (Nov.2009)

SET client_encoding = 'LATIN1';

INSERT INTO tproceso (id, nombre, observaciones) VALUES (2, 'PENAL ORDINARIO', '');
INSERT INTO tproceso (id, nombre, observaciones) VALUES (3, 'PENAL MILITAR', '');
INSERT INTO tproceso (id, nombre, observaciones) VALUES (4, 'ADMINISTRATIVO', '');
INSERT INTO tproceso (id, nombre, observaciones) VALUES (5, 'SISTEMA INTERNACIONAL', '');
INSERT INTO tproceso (id, nombre, observaciones) VALUES (6, 'JURISDICCIÓN ESPECIAL', '');
INSERT INTO tproceso (id, nombre, observaciones) VALUES (1, 'SIN INFORMACIÓN', '');
INSERT INTO tproceso (id, nombre, observaciones) VALUES (7, 'DISCIPLINARIO', '');
INSERT INTO tproceso (id, nombre, observaciones) VALUES (8, 'SIN PROCESO', '');


INSERT INTO despacho (id, nombre, id_tproceso, observaciones) VALUES (10, 'SIN INFORMACIÓN', 1, NULL);
INSERT INTO despacho (id, nombre, id_tproceso, observaciones) VALUES (1, 'FISCALIA GENERAL', 2, NULL);
INSERT INTO despacho (id, nombre, id_tproceso, observaciones) VALUES (2, 'JUZGADO PENAL 1', 2, NULL);
INSERT INTO despacho (id, nombre, id_tproceso, observaciones) VALUES (3, 'JUZGADO PENAL 2', 2, NULL);
INSERT INTO despacho (id, nombre, id_tproceso, observaciones) VALUES (4, 'JUZGADO PENAL 3', 2, NULL);
INSERT INTO despacho (id, nombre, id_tproceso, observaciones) VALUES (20, 'JUZGADO ADMINISTRATIVO 1', 4, NULL);
INSERT INTO despacho (id, nombre, id_tproceso, observaciones) VALUES (30, 'TRIBUNAL SUPERIOR/ADMINISTRATIVO', 4, NULL);
INSERT INTO despacho (id, nombre, id_tproceso, observaciones) VALUES (40, 'PROCURADURIA', 7, NULL);
INSERT INTO despacho (id, nombre, id_tproceso, observaciones) VALUES (50, 'FISCALIA SECCIONAL', 2, NULL);
INSERT INTO despacho (id, nombre, id_tproceso, observaciones) VALUES (60, 'DEFENSORIA DEL PUEBLO', 2, NULL);
INSERT INTO despacho (id, nombre, id_tproceso, observaciones) VALUES (70, 'PERSONERIA', 2, NULL);
INSERT INTO despacho (id, nombre, id_tproceso, observaciones) VALUES (80, 'CORTE SUPREMA', 2, NULL);
INSERT INTO despacho (id, nombre, id_tproceso, observaciones) VALUES (90, 'CONSEJO DE ESTADO', 2, NULL);
INSERT INTO despacho (id, nombre, id_tproceso, observaciones) VALUES (92, 'JUZGADO PENAL 3', 2, '');
INSERT INTO despacho (id, nombre, id_tproceso, observaciones) VALUES (93, 'PROCURADURIA REGIONAL- ARAUCA', 7, '');
INSERT INTO despacho (id, nombre, id_tproceso, observaciones) VALUES (94, 'JUZGADO 46 PENAL MILITAR', 2, '');
INSERT INTO despacho (id, nombre, id_tproceso, observaciones) VALUES (95, 'FISCALIA SECCIONAL ARAUCA', 2, '');
INSERT INTO despacho (id, nombre, id_tproceso, observaciones) VALUES (96, 'FISCALIA DELEGADA', 2, ' ANTE EL JUZGADO PROMISCUO DE LA PALMA-CUNDINAMARCA');
INSERT INTO despacho (id, nombre, id_tproceso, observaciones) VALUES (97, 'JUZGADO 2 DEL CIRCUITO ESPECIALIZADO DESCONGENTION- OIT', 2, '');
INSERT INTO despacho (id, nombre, id_tproceso, observaciones) VALUES (98, 'JUZGADO 2 ADMNISTRATIVO DE ARAUCA', 4, '');
INSERT INTO despacho (id, nombre, id_tproceso, observaciones) VALUES (99, 'JUZGADO 47 INSTRUCCIÓN PENAL MILITAR SARAVENA', 3, '');
INSERT INTO despacho (id, nombre, id_tproceso, observaciones) VALUES (100, 'JUZGADO PROMISCUO MUNICIPAL DE ARAUQUITA', 2, '');
INSERT INTO despacho (id, nombre, id_tproceso, observaciones) VALUES (101, 'JUZGADO 33 DEL CIRCUITO DE BOGOTA', 2, '');
INSERT INTO despacho (id, nombre, id_tproceso, observaciones) VALUES (102, 'MINISTERIO DEL INTERIOR Y DE JUSTICIA', 2, '');
INSERT INTO despacho (id, nombre, id_tproceso, observaciones) VALUES (103, 'UNIDAD FISCALIAS DELEGADAS ANTE EL TRIBUNAL SUPERIOR', 2, '');
INSERT INTO despacho (id, nombre, id_tproceso, observaciones) VALUES (104, 'JUZGADO 12 EJECUCION DE PENAL Y MEDIDAS DE SEGURIDAD', 2, '');
INSERT INTO despacho (id, nombre, id_tproceso, observaciones) VALUES (105, 'JUZGADO 37 DEL CIRCUITO DE BOGOTA', 2, '');
INSERT INTO despacho (id, nombre, id_tproceso, observaciones) VALUES (106, 'JUZGADO 34 DEL CIRCUITO DE BOGOTÁ', 2, '');
INSERT INTO despacho (id, nombre, id_tproceso, observaciones) VALUES (107, 'JUZGADO 1 DEL CIRCUITO DE ARAUCA', 2, '');
INSERT INTO despacho (id, nombre, id_tproceso, observaciones) VALUES (108, 'FISCALÍA 40 UNIDAD DE APOYO DERECHOS HUMANOS CÚCUTA', 2, '');
INSERT INTO despacho (id, nombre, id_tproceso, observaciones) VALUES (109, 'FISCALÍA 2 SECCIONAL DE SARAVENA', 2, '');
INSERT INTO despacho (id, nombre, id_tproceso, observaciones) VALUES (110, 'JUZGADO 95 INSTRUCCIÓN PENAL MILITAR', 2, '');
INSERT INTO despacho (id, nombre, id_tproceso, observaciones) VALUES (111, 'Instituto Nacional de Médicina Legal', 2, '');
INSERT INTO despacho (id, nombre, id_tproceso, observaciones) VALUES (112, 'PROCURADURIA SECCIONAL  DE SARAVENA', 7, '');
INSERT INTO despacho (id, nombre, id_tproceso, observaciones) VALUES (113, 'DECIMA OCTAVA BRIGADA', 2, '');
INSERT INTO despacho (id, nombre, id_tproceso, observaciones) VALUES (114, 'FISCALÍA PRIMERA SECCIONAL DE SARAVENA', 2, '');
INSERT INTO despacho (id, nombre, id_tproceso, observaciones) VALUES (115, 'JUZGADO 31 DEL CIRCUITO DE BOGOTÁ', 2, '');
INSERT INTO despacho (id, nombre, id_tproceso, observaciones) VALUES (116, 'FISCALIA TERCERA DE CÚCUTA', 2, '');
INSERT INTO despacho (id, nombre, id_tproceso, observaciones) VALUES (117, 'JUZGADO 1 ADMINISTRATIVO DE ARAUCA', 2, '');
INSERT INTO despacho (id, nombre, id_tproceso, observaciones) VALUES (118, 'JUZGADO 2 PROMISCUO DE SARAVENA', 2, '');
INSERT INTO despacho (id, nombre, id_tproceso, observaciones) VALUES (119, 'BATALLÓN REVEIZ PIZARRO', 3, '');
INSERT INTO despacho (id, nombre, id_tproceso, observaciones) VALUES (120, 'FISCALIA SECCIONAL TAME', 2, '');
INSERT INTO despacho (id, nombre, id_tproceso, observaciones) VALUES (121, 'JUZGADO PENAL DEL CIRCUITO DE SARAVENA', 2, '');
INSERT INTO despacho (id, nombre, id_tproceso, observaciones) VALUES (122, 'FISCALÍA OCTAVA SECCIONAL DE SEGURIDAD PÚBLICA', 2, '');
INSERT INTO despacho (id, nombre, id_tproceso, observaciones) VALUES (123, 'JUZGADO 1 PROMISCUO DE SARAVENA', 2, '');
INSERT INTO despacho (id, nombre, id_tproceso, observaciones) VALUES (124, 'JUEZ ÚNICO PROMISCUO DEL CIRCUITO DE SARAVENA', 2, '');
INSERT INTO despacho (id, nombre, id_tproceso, observaciones) VALUES (125, 'TRIBUNAL SUPERIOR DE BOGOTÁ', 2, '');
INSERT INTO despacho (id, nombre, id_tproceso, observaciones) VALUES (126, 'FISCALÍA SECCIONAL 59 UNIDAD DE LIBERTAD INDIVIDUAL', 2, '');
INSERT INTO despacho (id, nombre, id_tproceso, observaciones) VALUES (127, 'FISCALIA DELEGADA ANTE LOS JUECES PENALES DEL CIRCUITO', 2, '');
INSERT INTO despacho (id, nombre, id_tproceso, observaciones) VALUES (128, 'FISCALÍA ESTRUCTURA DE APOYO', 2, '');
INSERT INTO despacho (id, nombre, id_tproceso, observaciones) VALUES (129, 'JUSTICIA PENAL MILITAR', 3, '');
INSERT INTO despacho (id, nombre, id_tproceso, observaciones) VALUES (130, 'EJÉRCITO NACIONAL', 3, '');
INSERT INTO despacho (id, nombre, id_tproceso, observaciones) VALUES (131, 'FISCALÍA 19 ESPECIALIZADA UNIDAD NACIONAL CONTRA EL TERRORISMO', 2, '');
INSERT INTO despacho (id, nombre, id_tproceso, observaciones) VALUES (132, 'JUEZ PENAL DE ARAUQUITA', 2, '');
INSERT INTO despacho (id, nombre, id_tproceso, observaciones) VALUES (133, 'FISCALÍA 5 ESPECIALIZADA UNIDAD NACIONAL CONTRA EL TERRORISMO', 2, '');
INSERT INTO despacho (id, nombre, id_tproceso, observaciones) VALUES (134, 'CÁRCEL DE ARAUCA', 2, '');
INSERT INTO despacho (id, nombre, id_tproceso, observaciones) VALUES (135, 'NOTARÍA', 2, '');
INSERT INTO despacho (id, nombre, id_tproceso, observaciones) VALUES (136, 'FISCALIA 50 ESPECIALIZADA UNIDAD DE DERECHOS HUMANOS Y DIH DE BOGOTA', 2, '');
INSERT INTO despacho (id, nombre, id_tproceso, observaciones) VALUES (137, 'PROCURADOR GENERAL DE LA NACIÓN', 7, '');
INSERT INTO despacho (id, nombre, id_tproceso, observaciones) VALUES (138, 'GRUPO DE ASESORES DISCIPLIANARIOS EN DERECHOS HUMANOS', 2, '');
INSERT INTO despacho (id, nombre, id_tproceso, observaciones) VALUES (139, 'PROCURADURIA 64 JUDICIAL I ADMINISTRATIVA DE ARAUCA', 7, '');


INSERT INTO etapa (id, id_tproceso, nombre, observaciones) VALUES (2, 2, 'NO HAY', '');
INSERT INTO etapa (id, id_tproceso, nombre, observaciones) VALUES (4, 2, 'PRUEBAS', '');
INSERT INTO etapa (id, id_tproceso, nombre, observaciones) VALUES (7, 2, 'FALLO', '');
INSERT INTO etapa (id, id_tproceso, nombre, observaciones) VALUES (9, 2, 'APELACIÓN', '');
INSERT INTO etapa (id, id_tproceso, nombre, observaciones) VALUES (8, 2, 'CONCILIACIÓN', '');
INSERT INTO etapa (id, id_tproceso, nombre, observaciones) VALUES (3, 2, 'INVESTIGACIÓN PREVIA', '');
INSERT INTO etapa (id, id_tproceso, nombre, observaciones) VALUES (6, 2, 'PRECLUSIÓN', '');
INSERT INTO etapa (id, id_tproceso, nombre, observaciones) VALUES (5, 2, 'PRESCRIPCIÓN', '');
INSERT INTO etapa (id, id_tproceso, nombre, observaciones) VALUES (50, 5, 'SIN INFORMACIÓN', '');
INSERT INTO etapa (id, id_tproceso, nombre, observaciones) VALUES (1, 2, 'SIN INFORMACIÓN', '');
INSERT INTO etapa (id, id_tproceso, nombre, observaciones) VALUES (20, 1, 'SIN INFORMACIÓN', '');
INSERT INTO etapa (id, id_tproceso, nombre, observaciones) VALUES (60, 6, 'SIN INFORMACIÓN', '');
INSERT INTO etapa (id, id_tproceso, nombre, observaciones) VALUES (40, 4, 'SIN INFORMACIÓN', '');
INSERT INTO etapa (id, id_tproceso, nombre, observaciones) VALUES (30, 3, 'SIN INFORMACIÓN', '');
INSERT INTO etapa (id, id_tproceso, nombre, observaciones) VALUES (61, 4, 'PENDIENTE PRESENTACION DEMANDA', '');
INSERT INTO etapa (id, id_tproceso, nombre, observaciones) VALUES (62, 4, 'FIJACION EN LISTA PARA CORRECCION', '');
INSERT INTO etapa (id, id_tproceso, nombre, observaciones) VALUES (63, 4, 'DECRETO DE PRUEBAS', '');
INSERT INTO etapa (id, id_tproceso, nombre, observaciones) VALUES (64, 4, 'AL DESPACHO PARA FALLO', '');
INSERT INTO etapa (id, id_tproceso, nombre, observaciones) VALUES (66, 3, 'INDAGACION PRELIMINAR', '');
INSERT INTO etapa (id, id_tproceso, nombre, observaciones) VALUES (67, 4, 'PRACTICA DE PRUEBAS', '');
INSERT INTO etapa (id, id_tproceso, nombre, observaciones) VALUES (68, 4, 'FALLO', '');
INSERT INTO etapa (id, id_tproceso, nombre, observaciones) VALUES (69, 7, 'ALEGATOS DE CONCLUSIÓN ', '');
INSERT INTO etapa (id, id_tproceso, nombre, observaciones) VALUES (70, 7, 'PRACTICA DE PRUEBAS Y TESTIMONIOS', '');
INSERT INTO etapa (id, id_tproceso, nombre, observaciones) VALUES (71, 2, 'EN ESPERA DE AUDIENCIA PÚBLICO', '');
INSERT INTO etapa (id, id_tproceso, nombre, observaciones) VALUES (72, 7, 'EVALUACIÓN DE QUEJA', '');
INSERT INTO etapa (id, id_tproceso, nombre, observaciones) VALUES (75, 2, 'AVERIGUACIÓN DE EXISTENCIA DE INVESTIGACIÓN ', '');
INSERT INTO etapa (id, id_tproceso, nombre, observaciones) VALUES (65, 7, 'INVESTIGACIÓN PRELIMINAR', '');
INSERT INTO etapa (id, id_tproceso, nombre, observaciones) VALUES (76, 2, 'ESTUDIO DE VIABILIDAD DE INVESTIGACIÓN', '');


INSERT INTO taccion (id, nombre, observaciones) VALUES (2, 'DEMANDA', '');
INSERT INTO taccion (id, nombre, observaciones) VALUES (6, 'TUTELA', '');
INSERT INTO taccion (id, nombre, observaciones) VALUES (4, 'APELACIÓN', '');
INSERT INTO taccion (id, nombre, observaciones) VALUES (5, 'DERECHO DE PETICIÓN', '');
INSERT INTO taccion (id, nombre, observaciones) VALUES (1, 'SIN INFORMACIÓN', '');
INSERT INTO taccion (id, nombre, observaciones) VALUES (7, 'PRESENTACIÓN DE LA DEMANDA', '');
INSERT INTO taccion (id, nombre, observaciones) VALUES (3, 'CONTESTACION DE LA DEMANDA', '');
INSERT INTO taccion (id, nombre, observaciones) VALUES (8, 'DENUNCIA PUBLICA', '');
INSERT INTO taccion (id, nombre, observaciones) VALUES (9, 'CONTESTACION DERECHO DE PETICION', '');
INSERT INTO taccion (id, nombre, observaciones) VALUES (10, 'AUTO DE PRUEBAS', '');
INSERT INTO taccion (id, nombre, observaciones) VALUES (11, 'DEMANDA DE CONSTITUCION EN PARTE CIVIL', '');
INSERT INTO taccion (id, nombre, observaciones) VALUES (12, 'ADMISION DE LA DEMANDA', '');
INSERT INTO taccion (id, nombre, observaciones) VALUES (13, 'PRESENTACIÓN DE ALEGATOS DE CONCLUSIÓN', '');
INSERT INTO taccion (id, nombre, observaciones) VALUES (14, 'PRESENTACIÓN DE PRUEBAS DOCUMENTALES', '');
INSERT INTO taccion (id, nombre, observaciones) VALUES (15, 'PAGO GASTOS DEL PROCESO', '');
INSERT INTO taccion (id, nombre, observaciones) VALUES (16, 'DESPACHO COMISORIO', '');
INSERT INTO taccion (id, nombre, observaciones) VALUES (17, 'ACLARACION DE LA DEMANDA', '');
INSERT INTO taccion (id, nombre, observaciones) VALUES (18, 'CITACIÓN A DECLARAR', '');
INSERT INTO taccion (id, nombre, observaciones) VALUES (19, 'FALLO', '');
INSERT INTO taccion (id, nombre, observaciones) VALUES (20, 'AL DESPACHO', '');
INSERT INTO taccion (id, nombre, observaciones) VALUES (21, 'CORRECCIÓN DE LA DEMANDA', '');
INSERT INTO taccion (id, nombre, observaciones) VALUES (22, 'TRASLADO SUJETOS PROCESALES', '');
INSERT INTO taccion (id, nombre, observaciones) VALUES (25, 'INTERVENCIÓN COMO SUJETO PROCESAL', '');
INSERT INTO taccion (id, nombre, observaciones) VALUES (24, 'RECONOCIMIENTO DE LA PERSONERÍA JURÍDICA', '');
INSERT INTO taccion (id, nombre, observaciones) VALUES (26, 'APERTURA INVESTIGACIÓN DISCIPLINARIA', '');
INSERT INTO taccion (id, nombre, observaciones) VALUES (27, 'OFICIO', '');
INSERT INTO taccion (id, nombre, observaciones) VALUES (28, 'FORMULACIÓN DE CARGOS', '');
INSERT INTO taccion (id, nombre, observaciones) VALUES (29, 'RECURSO DE APELACION ', '');
INSERT INTO taccion (id, nombre, observaciones) VALUES (30, 'DECISION SOBRE RECURSO DE APELACION', '');
INSERT INTO taccion (id, nombre, observaciones) VALUES (31, 'AUTO DE TRAMITE', '');
INSERT INTO taccion (id, nombre, observaciones) VALUES (32, 'DECRETO DE PRÁCTICA DE PRUEBAS', '');
INSERT INTO taccion (id, nombre, observaciones) VALUES (33, 'QUEJA', '');
INSERT INTO taccion (id, nombre, observaciones) VALUES (34, 'SOLICITUD DE COLISIÓN DE COMPETENCIA', '');
INSERT INTO taccion (id, nombre, observaciones) VALUES (35, 'TRASLADO DE EXCEPCIONES', '');
INSERT INTO taccion (id, nombre, observaciones) VALUES (36, 'FIJACION EN LISTA', '');
INSERT INTO taccion (id, nombre, observaciones) VALUES (37, 'SUSTITUCION APODERADO', '');
INSERT INTO taccion (id, nombre, observaciones) VALUES (38, 'INADMISIÓN DE LA DEMANDA', '');
INSERT INTO taccion (id, nombre, observaciones) VALUES (39, 'NOTIFICACIÓN POR ESTADO', '');
INSERT INTO taccion (id, nombre, observaciones) VALUES (40, 'RECEPCIÓN DE TESTIMONIOS', '');
INSERT INTO taccion (id, nombre, observaciones) VALUES (41, 'RECURSO DE REPOSICIÓN', '');
INSERT INTO taccion (id, nombre, observaciones) VALUES (1001, 'CONSTANCIA SECRETARIAL', '');
INSERT INTO taccion (id, nombre, observaciones) VALUES (1002, 'DESIGNACIÓN DE ABOGADO SUPLENTE', '');
INSERT INTO taccion (id, nombre, observaciones) VALUES (1003, 'SOLICITUD DE LIBERTAD PROVISIONAL', '');
INSERT INTO taccion (id, nombre, observaciones) VALUES (1004, 'SOLICITUD DE CESACIÓN DE PROCEDIMIENTO', '');
INSERT INTO taccion (id, nombre, observaciones) VALUES (1005, 'SOLICITUD DE COPIAS AUTENTICAS', '');
INSERT INTO taccion (id, nombre, observaciones) VALUES (1006, 'RESOLUCIÓN DE ACUSACIÓN', '');
INSERT INTO taccion (id, nombre, observaciones) VALUES (1007, 'RESOLUCIÓN QUE RESUELVE SITUACIÓN JURÍDICA', '');
INSERT INTO taccion (id, nombre, observaciones) VALUES (1008, 'SOLICITUD DE COPIAS SIMPLES', '');
INSERT INTO taccion (id, nombre, observaciones) VALUES (1009, 'SOLICITUD DE PRACTICA DE PRUEBAS', '');
INSERT INTO taccion (id, nombre, observaciones) VALUES (1010, 'SE OTORGARON PODERES', '');
INSERT INTO taccion (id, nombre, observaciones) VALUES (1011, 'DECLARACIÓN EXTRAJUICIO', '');
INSERT INTO taccion (id, nombre, observaciones) VALUES (1012, 'CALIFICACÓN SUMARIAL', '');
INSERT INTO taccion (id, nombre, observaciones) VALUES (1013, 'CIERRE DE LA INVESTIGACIÓN', '');
INSERT INTO taccion (id, nombre, observaciones) VALUES (1014, 'ADMISIÓN DE CONTROL DE LEGALIDAD', '');
INSERT INTO taccion (id, nombre, observaciones) VALUES (2000, 'SOLICITUD CONCILIACION EXTRAPROCESAL', '');
INSERT INTO taccion (id, nombre, observaciones) VALUES (2001, 'AUDIENCIA DE CONCILIACION EXTRAPROCESAL', '');



INSERT INTO actualizacionbase (id, fecha, descripcion) VALUES ('sjud-1', '2011-10-19', 'Seguimiento Judicial');
INSERT INTO actualizacionbase (id, fecha, descripcion) VALUES ('sjud-d1', '2011-10-19', 'Datos de Seguimiento Judicial');
INSERT INTO actualizacionbase (id, fecha, descripcion) VALUES ('sj-fe', '2011-10-19', 'Fechas en tablas básicas');
